old_id,title
72,CBL
73,"Corby Spirits and Wines"
74,"HCI (Havana)"
75,"House of Tequila"
76,IDL
77,"Jan Becher"
79,MMPJ
80,Pernod
82,"PR Argentina"
83,"PR Australia"
84,"PR Brasil"
139,"PR Colombia"
86,"PR Finland"
87,"PR Greater China"
94,"PR HQ"
88,"PR India"
89,"PR Korea"
146,"PR M&A"
91,"PR Polska"
92,"PR South Africa"
85,"PR Spain"
143,"PR UK"
93,"PR USA"
81,"PR Winemakers"
145,"PR Winemakers Spain"
95,Ramazzotti
96,Ricard
97,TAC
173,"TAC - ABSOLUT ELYX"
174,"TAC - OUR/VODKA"
177,"The Gin Hub"
98,"Yerevan Brandy Company"
